Depth,cdm
0,0.006816685
1,0.136332756
2,0.347648262
3,0.671438518
4,0.985003512
5,1.434901263
6,2.014314928
7,2.713019872
8,3.282208589
9,4.028629857
10,4.74778501
